Date,Run ID,Failed Requests,Run URL
"2025-03-26","14095517001","No","https://github.com/department-of-veterans-affairs/next-build/actions/runs/14095517001"
"2025-03-26","14095154814","No","https://github.com/department-of-veterans-affairs/next-build/actions/runs/14095154814"
"2025-03-26","14094793880","No","https://github.com/department-of-veterans-affairs/next-build/actions/runs/14094793880"
"2025-03-26","14094361024","No","https://github.com/department-of-veterans-affairs/next-build/actions/runs/14094361024"
"2025-03-26","14093919356","No","https://github.com/department-of-veterans-affairs/next-build/actions/runs/14093919356"
"2025-03-26","14093451191","No","https://github.com/department-of-veterans-affairs/next-build/actions/runs/14093451191"
"2025-03-26","14092442848","No","https://github.com/department-of-veterans-affairs/next-build/actions/runs/14092442848"
"2025-03-26","14091951288","No","https://github.com/department-of-veterans-affairs/next-build/actions/runs/14091951288"
"2025-03-26","14091456386","No","https://github.com/department-of-veterans-affairs/next-build/actions/runs/14091456386"
"2025-03-26","14091017226","No","https://github.com/department-of-veterans-affairs/next-build/actions/runs/14091017226"
"2025-03-26","14090427359","No","https://github.com/department-of-veterans-affairs/next-build/actions/runs/14090427359"
"2025-03-26","14089840328","No","https://github.com/department-of-veterans-affairs/next-build/actions/runs/14089840328"
"2025-03-26","14089251957","No","https://github.com/department-of-veterans-affairs/next-build/actions/runs/14089251957"
"2025-03-26","14088734276","No","https://github.com/department-of-veterans-affairs/next-build/actions/runs/14088734276"
"2025-03-26","14088066990","No","https://github.com/department-of-veterans-affairs/next-build/actions/runs/14088066990"
"2025-03-26","14087406590","No","https://github.com/department-of-veterans-affairs/next-build/actions/runs/14087406590"
"2025-03-26","14086703807","No","https://github.com/department-of-veterans-affairs/next-build/actions/runs/14086703807"
"2025-03-26","14086051559","No","https://github.com/department-of-veterans-affairs/next-build/actions/runs/14086051559"
"2025-03-26","14085330871","No","https://github.com/department-of-veterans-affairs/next-build/actions/runs/14085330871"
"2025-03-26","14084728759","No","https://github.com/department-of-veterans-affairs/next-build/actions/runs/14084728759"
"2025-03-26","14084165498","No","https://github.com/department-of-veterans-affairs/next-build/actions/runs/14084165498"
"2025-03-26","14073051579","No","https://github.com/department-of-veterans-affairs/next-build/actions/runs/14073051579"
"2025-03-26","14072735892","No","https://github.com/department-of-veterans-affairs/next-build/actions/runs/14072735892"
"2025-03-25","14072144135","No","https://github.com/department-of-veterans-affairs/next-build/actions/runs/14072144135"
"2025-03-25","14071779112","No","https://github.com/department-of-veterans-affairs/next-build/actions/runs/14071779112"
"2025-03-25","14071421718","No","https://github.com/department-of-veterans-affairs/next-build/actions/runs/14071421718"
"2025-03-25","14071000059","No","https://github.com/department-of-veterans-affairs/next-build/actions/runs/14071000059"
"2025-03-25","14070556548","No","https://github.com/department-of-veterans-affairs/next-build/actions/runs/14070556548"
"2025-03-25","14070073793","No","https://github.com/department-of-veterans-affairs/next-build/actions/runs/14070073793"
"2025-03-25","14069040296","No","https://github.com/department-of-veterans-affairs/next-build/actions/runs/14069040296"
"2025-03-25","14068541148","No","https://github.com/department-of-veterans-affairs/next-build/actions/runs/14068541148"
"2025-03-25","14068032807","No","https://github.com/department-of-veterans-affairs/next-build/actions/runs/14068032807"
"2025-03-25","14067577761","No","https://github.com/department-of-veterans-affairs/next-build/actions/runs/14067577761"
"2025-03-25","14066982312","No","https://github.com/department-of-veterans-affairs/next-build/actions/runs/14066982312"
"2025-03-25","14066387346","No","https://github.com/department-of-veterans-affairs/next-build/actions/runs/14066387346"
"2025-03-25","14065781293","No","https://github.com/department-of-veterans-affairs/next-build/actions/runs/14065781293"
"2025-03-25","14065235164","No","https://github.com/department-of-veterans-affairs/next-build/actions/runs/14065235164"
"2025-03-25","14064499201","No","https://github.com/department-of-veterans-affairs/next-build/actions/runs/14064499201"
"2025-03-25","14063833865","No","https://github.com/department-of-veterans-affairs/next-build/actions/runs/14063833865"
"2025-03-25","14063109394","No","https://github.com/department-of-veterans-affairs/next-build/actions/runs/14063109394"
"2025-03-25","14062437686","No","https://github.com/department-of-veterans-affairs/next-build/actions/runs/14062437686"
"2025-03-25","14061686627","No","https://github.com/department-of-veterans-affairs/next-build/actions/runs/14061686627"
"2025-03-25","14061068626","No","https://github.com/department-of-veterans-affairs/next-build/actions/runs/14061068626"
"2025-03-25","14060494529","No","https://github.com/department-of-veterans-affairs/next-build/actions/runs/14060494529"
"2025-03-25","14049110492","No","https://github.com/department-of-veterans-affairs/next-build/actions/runs/14049110492"
"2025-03-25","14048775012","No","https://github.com/department-of-veterans-affairs/next-build/actions/runs/14048775012"
"2025-03-24","14048118003","No","https://github.com/department-of-veterans-affairs/next-build/actions/runs/14048118003"
"2025-03-24","14047730019","No","https://github.com/department-of-veterans-affairs/next-build/actions/runs/14047730019"
"2025-03-24","14047351712","No","https://github.com/department-of-veterans-affairs/next-build/actions/runs/14047351712"
"2025-03-24","14046894655","No","https://github.com/department-of-veterans-affairs/next-build/actions/runs/14046894655"
"2025-03-24","14046417872","No","https://github.com/department-of-veterans-affairs/next-build/actions/runs/14046417872"
"2025-03-24","14045893553","No","https://github.com/department-of-veterans-affairs/next-build/actions/runs/14045893553"
"2025-03-24","14044811311","No","https://github.com/department-of-veterans-affairs/next-build/actions/runs/14044811311"
"2025-03-24","14044292759","No","https://github.com/department-of-veterans-affairs/next-build/actions/runs/14044292759"
"2025-03-24","14043751577","No","https://github.com/department-of-veterans-affairs/next-build/actions/runs/14043751577"
"2025-03-24","14043270247","No","https://github.com/department-of-veterans-affairs/next-build/actions/runs/14043270247"
"2025-03-24","14042624332","No","https://github.com/department-of-veterans-affairs/next-build/actions/runs/14042624332"
"2025-03-24","14042003882","No","https://github.com/department-of-veterans-affairs/next-build/actions/runs/14042003882"
"2025-03-24","14041374149","No","https://github.com/department-of-veterans-affairs/next-build/actions/runs/14041374149"
"2025-03-24","14040806783","No","https://github.com/department-of-veterans-affairs/next-build/actions/runs/14040806783"
"2025-03-24","14040114166","No","https://github.com/department-of-veterans-affairs/next-build/actions/runs/14040114166"
"2025-03-24","14039430785","No","https://github.com/department-of-veterans-affairs/next-build/actions/runs/14039430785"
"2025-03-24","14038729208","No","https://github.com/department-of-veterans-affairs/next-build/actions/runs/14038729208"
"2025-03-24","14038074003","No","https://github.com/department-of-veterans-affairs/next-build/actions/runs/14038074003"
"2025-03-24","14037355684","No","https://github.com/department-of-veterans-affairs/next-build/actions/runs/14037355684"
"2025-03-24","14036746197","No","https://github.com/department-of-veterans-affairs/next-build/actions/runs/14036746197"
"2025-03-24","14036167472","No","https://github.com/department-of-veterans-affairs/next-build/actions/runs/14036167472"
"2025-03-24","14024859797","No","https://github.com/department-of-veterans-affairs/next-build/actions/runs/14024859797"
"2025-03-24","14024575077","No","https://github.com/department-of-veterans-affairs/next-build/actions/runs/14024575077"
"2025-03-21","14002710105","No","https://github.com/department-of-veterans-affairs/next-build/actions/runs/14002710105"
"2025-03-21","14002391190","No","https://github.com/department-of-veterans-affairs/next-build/actions/runs/14002391190"
"2025-03-21","14002061637","No","https://github.com/department-of-veterans-affairs/next-build/actions/runs/14002061637"
"2025-03-21","14001660933","No","https://github.com/department-of-veterans-affairs/next-build/actions/runs/14001660933"
"2025-03-21","14001287429","No","https://github.com/department-of-veterans-affairs/next-build/actions/runs/14001287429"
"2025-03-21","14000872796","No","https://github.com/department-of-veterans-affairs/next-build/actions/runs/14000872796"
"2025-03-21","13999978175","No","https://github.com/department-of-veterans-affairs/next-build/actions/runs/13999978175"
"2025-03-21","13999537223","No","https://github.com/department-of-veterans-affairs/next-build/actions/runs/13999537223"
"2025-03-21","13999086131","No","https://github.com/department-of-veterans-affairs/next-build/actions/runs/13999086131"
"2025-03-21","13998657340","No","https://github.com/department-of-veterans-affairs/next-build/actions/runs/13998657340"
"2025-03-21","13998113121","No","https://github.com/department-of-veterans-affairs/next-build/actions/runs/13998113121"
"2025-03-21","13997573237","No","https://github.com/department-of-veterans-affairs/next-build/actions/runs/13997573237"
"2025-03-21","13997042823","No","https://github.com/department-of-veterans-affairs/next-build/actions/runs/13997042823"
"2025-03-21","13996572124","No","https://github.com/department-of-veterans-affairs/next-build/actions/runs/13996572124"
"2025-03-21","13995975007","No","https://github.com/department-of-veterans-affairs/next-build/actions/runs/13995975007"
"2025-03-21","13995366813","No","https://github.com/department-of-veterans-affairs/next-build/actions/runs/13995366813"
"2025-03-21","13994771159","No","https://github.com/department-of-veterans-affairs/next-build/actions/runs/13994771159"
"2025-03-21","13994186173","No","https://github.com/department-of-veterans-affairs/next-build/actions/runs/13994186173"
"2025-03-21","13993556244","No","https://github.com/department-of-veterans-affairs/next-build/actions/runs/13993556244"
"2025-03-21","13993023647","No","https://github.com/department-of-veterans-affairs/next-build/actions/runs/13993023647"
"2025-03-21","13992493118","No","https://github.com/department-of-veterans-affairs/next-build/actions/runs/13992493118"
"2025-03-21","13982271992","No","https://github.com/department-of-veterans-affairs/next-build/actions/runs/13982271992"
"2025-03-21","13981970909","No","https://github.com/department-of-veterans-affairs/next-build/actions/runs/13981970909"
"2025-03-20","13981389097","No","https://github.com/department-of-veterans-affairs/next-build/actions/runs/13981389097"
"2025-03-20","13981040412","No","https://github.com/department-of-veterans-affairs/next-build/actions/runs/13981040412"
"2025-03-20","13980679248","No","https://github.com/department-of-veterans-affairs/next-build/actions/runs/13980679248"
"2025-03-20","13980253298","No","https://github.com/department-of-veterans-affairs/next-build/actions/runs/13980253298"
"2025-03-20","13979814697","⚠️ Error reading logs","https://github.com/department-of-veterans-affairs/next-build/actions/runs/13979814697"
"2025-03-20","13979338443","No","https://github.com/department-of-veterans-affairs/next-build/actions/runs/13979338443"
"2025-03-20","13978335845","No","https://github.com/department-of-veterans-affairs/next-build/actions/runs/13978335845"
"2025-03-20","13977853952","Yes (Failed request (Attempt 6 of 6))","https://github.com/department-of-veterans-affairs/next-build/actions/runs/13977853952"
"2025-03-20","13977354952","No","https://github.com/department-of-veterans-affairs/next-build/actions/runs/13977354952"
"2025-03-20","13976897881","No","https://github.com/department-of-veterans-affairs/next-build/actions/runs/13976897881"
"2025-03-20","13976312412","No","https://github.com/department-of-veterans-affairs/next-build/actions/runs/13976312412"
"2025-03-20","13975740312","No","https://github.com/department-of-veterans-affairs/next-build/actions/runs/13975740312"
"2025-03-20","13975154346","No","https://github.com/department-of-veterans-affairs/next-build/actions/runs/13975154346"
"2025-03-20","13974630872","No","https://github.com/department-of-veterans-affairs/next-build/actions/runs/13974630872"
"2025-03-20","13973966097","No","https://github.com/department-of-veterans-affairs/next-build/actions/runs/13973966097"
"2025-03-20","13973307211","No","https://github.com/department-of-veterans-affairs/next-build/actions/runs/13973307211"
"2025-03-20","13972643236","No","https://github.com/department-of-veterans-affairs/next-build/actions/runs/13972643236"
"2025-03-20","13972005158","No","https://github.com/department-of-veterans-affairs/next-build/actions/runs/13972005158"
"2025-03-20","13971286468","No","https://github.com/department-of-veterans-affairs/next-build/actions/runs/13971286468"
"2025-03-20","13970694327","No","https://github.com/department-of-veterans-affairs/next-build/actions/runs/13970694327"
"2025-03-20","13970122965","No","https://github.com/department-of-veterans-affairs/next-build/actions/runs/13970122965"
"2025-03-20","13959614403","No","https://github.com/department-of-veterans-affairs/next-build/actions/runs/13959614403"
"2025-03-20","13959315639","No","https://github.com/department-of-veterans-affairs/next-build/actions/runs/13959315639"
"2025-03-19","13958750912","No","https://github.com/department-of-veterans-affairs/next-build/actions/runs/13958750912"
"2025-03-19","13958392651","No","https://github.com/department-of-veterans-affairs/next-build/actions/runs/13958392651"
"2025-03-19","13958027105","No","https://github.com/department-of-veterans-affairs/next-build/actions/runs/13958027105"
"2025-03-19","13957599313","No","https://github.com/department-of-veterans-affairs/next-build/actions/runs/13957599313"
"2025-03-19","13957176387","No","https://github.com/department-of-veterans-affairs/next-build/actions/runs/13957176387"
"2025-03-19","13956690121","No","https://github.com/department-of-veterans-affairs/next-build/actions/runs/13956690121"
"2025-03-19","13955671915","No","https://github.com/department-of-veterans-affairs/next-build/actions/runs/13955671915"
"2025-03-19","13955191720","Yes (Failed request (Attempt 6 of 6))","https://github.com/department-of-veterans-affairs/next-build/actions/runs/13955191720"
"2025-03-19","13954695085","No","https://github.com/department-of-veterans-affairs/next-build/actions/runs/13954695085"
"2025-03-19","13954243671","No","https://github.com/department-of-veterans-affairs/next-build/actions/runs/13954243671"
"2025-03-19","13953645032","No","https://github.com/department-of-veterans-affairs/next-build/actions/runs/13953645032"
"2025-03-19","13953051289","No","https://github.com/department-of-veterans-affairs/next-build/actions/runs/13953051289"
"2025-03-19","13952461013","No","https://github.com/department-of-veterans-affairs/next-build/actions/runs/13952461013"
"2025-03-19","13951925431","Yes (Failed request (Attempt 6 of 6))","https://github.com/department-of-veterans-affairs/next-build/actions/runs/13951925431"
"2025-03-19","13951254774","No","https://github.com/department-of-veterans-affairs/next-build/actions/runs/13951254774"
"2025-03-19","13950583614","No","https://github.com/department-of-veterans-affairs/next-build/actions/runs/13950583614"
"2025-03-19","13949898605","No","https://github.com/department-of-veterans-affairs/next-build/actions/runs/13949898605"
"2025-03-19","13949259060","No","https://github.com/department-of-veterans-affairs/next-build/actions/runs/13949259060"
"2025-03-19","13948538463","No","https://github.com/department-of-veterans-affairs/next-build/actions/runs/13948538463"
"2025-03-19","13947943982","No","https://github.com/department-of-veterans-affairs/next-build/actions/runs/13947943982"
"2025-03-19","13947375806","No","https://github.com/department-of-veterans-affairs/next-build/actions/runs/13947375806"
"2025-03-19","13936421930","No","https://github.com/department-of-veterans-affairs/next-build/actions/runs/13936421930"
"2025-03-19","13936107148","No","https://github.com/department-of-veterans-affairs/next-build/actions/runs/13936107148"
"2025-03-18","13935523522","No","https://github.com/department-of-veterans-affairs/next-build/actions/runs/13935523522"
"2025-03-18","13935174161","No","https://github.com/department-of-veterans-affairs/next-build/actions/runs/13935174161"
"2025-03-18","13934808066","No","https://github.com/department-of-veterans-affairs/next-build/actions/runs/13934808066"
"2025-03-18","13934382743","No","https://github.com/department-of-veterans-affairs/next-build/actions/runs/13934382743"
"2025-03-18","13933939636","No","https://github.com/department-of-veterans-affairs/next-build/actions/runs/13933939636"
"2025-03-18","13933465777","No","https://github.com/department-of-veterans-affairs/next-build/actions/runs/13933465777"
"2025-03-18","13932445809","No","https://github.com/department-of-veterans-affairs/next-build/actions/runs/13932445809"
"2025-03-18","13931956837","Yes (Failed request (Attempt 6 of 6))","https://github.com/department-of-veterans-affairs/next-build/actions/runs/13931956837"
"2025-03-18","13931438213","No","https://github.com/department-of-veterans-affairs/next-build/actions/runs/13931438213"
"2025-03-18","13930994303","Yes (Failed request (Attempt 6 of 6))","https://github.com/department-of-veterans-affairs/next-build/actions/runs/13930994303"
"2025-03-18","13930394747","No","https://github.com/department-of-veterans-affairs/next-build/actions/runs/13930394747"
"2025-03-18","13929800666","No","https://github.com/department-of-veterans-affairs/next-build/actions/runs/13929800666"
"2025-03-18","13929195976","No","https://github.com/department-of-veterans-affairs/next-build/actions/runs/13929195976"
"2025-03-18","13928668345","No","https://github.com/department-of-veterans-affairs/next-build/actions/runs/13928668345"
"2025-03-18","13927981872","No","https://github.com/department-of-veterans-affairs/next-build/actions/runs/13927981872"
"2025-03-18","13927305228","No","https://github.com/department-of-veterans-affairs/next-build/actions/runs/13927305228"
"2025-03-18","13926606041","No","https://github.com/department-of-veterans-affairs/next-build/actions/runs/13926606041"
"2025-03-18","13925940837","No","https://github.com/department-of-veterans-affairs/next-build/actions/runs/13925940837"
"2025-03-18","13925231298","No","https://github.com/department-of-veterans-affairs/next-build/actions/runs/13925231298"
"2025-03-18","13924633742","No","https://github.com/department-of-veterans-affairs/next-build/actions/runs/13924633742"
"2025-03-18","13924060425","No","https://github.com/department-of-veterans-affairs/next-build/actions/runs/13924060425"
"2025-03-18","13912916947","No","https://github.com/department-of-veterans-affairs/next-build/actions/runs/13912916947"
"2025-03-18","13912595334","No","https://github.com/department-of-veterans-affairs/next-build/actions/runs/13912595334"
"2025-03-17","13911972118","No","https://github.com/department-of-veterans-affairs/next-build/actions/runs/13911972118"
"2025-03-17","13911602067","No","https://github.com/department-of-veterans-affairs/next-build/actions/runs/13911602067"
"2025-03-17","13911223763","No","https://github.com/department-of-veterans-affairs/next-build/actions/runs/13911223763"
"2025-03-17","13910779286","No","https://github.com/department-of-veterans-affairs/next-build/actions/runs/13910779286"
"2025-03-17","13910322376","No","https://github.com/department-of-veterans-affairs/next-build/actions/runs/13910322376"
"2025-03-17","13909824373","No","https://github.com/department-of-veterans-affairs/next-build/actions/runs/13909824373"
"2025-03-17","13908788352","No","https://github.com/department-of-veterans-affairs/next-build/actions/runs/13908788352"
"2025-03-17","13908300372","No","https://github.com/department-of-veterans-affairs/next-build/actions/runs/13908300372"
"2025-03-17","13907781127","No","https://github.com/department-of-veterans-affairs/next-build/actions/runs/13907781127"
"2025-03-17","13907290181","No","https://github.com/department-of-veterans-affairs/next-build/actions/runs/13907290181"
"2025-03-17","13906696370","No","https://github.com/department-of-veterans-affairs/next-build/actions/runs/13906696370"
"2025-03-17","13906087889","No","https://github.com/department-of-veterans-affairs/next-build/actions/runs/13906087889"
"2025-03-17","13905461824","No","https://github.com/department-of-veterans-affairs/next-build/actions/runs/13905461824"
"2025-03-17","13904922823","No","https://github.com/department-of-veterans-affairs/next-build/actions/runs/13904922823"
"2025-03-17","13904224174","No","https://github.com/department-of-veterans-affairs/next-build/actions/runs/13904224174"
"2025-03-17","13903533613","No","https://github.com/department-of-veterans-affairs/next-build/actions/runs/13903533613"
"2025-03-17","13902837785","No","https://github.com/department-of-veterans-affairs/next-build/actions/runs/13902837785"
"2025-03-17","13902179936","No","https://github.com/department-of-veterans-affairs/next-build/actions/runs/13902179936"
"2025-03-17","13901476930","No","https://github.com/department-of-veterans-affairs/next-build/actions/runs/13901476930"
"2025-03-17","13900884865","No","https://github.com/department-of-veterans-affairs/next-build/actions/runs/13900884865"
"2025-03-17","13900317996","No","https://github.com/department-of-veterans-affairs/next-build/actions/runs/13900317996"
"2025-03-17","13889227292","No","https://github.com/department-of-veterans-affairs/next-build/actions/runs/13889227292"
"2025-03-17","13888951961","No","https://github.com/department-of-veterans-affairs/next-build/actions/runs/13888951961"
"2025-03-14","13867053456","No","https://github.com/department-of-veterans-affairs/next-build/actions/runs/13867053456"
"2025-03-14","13866773157","No","https://github.com/department-of-veterans-affairs/next-build/actions/runs/13866773157"
"2025-03-14","13866465688","No","https://github.com/department-of-veterans-affairs/next-build/actions/runs/13866465688"
"2025-03-14","13866107968","No","https://github.com/department-of-veterans-affairs/next-build/actions/runs/13866107968"
"2025-03-14","13865752582","No","https://github.com/department-of-veterans-affairs/next-build/actions/runs/13865752582"
"2025-03-14","13865339377","No","https://github.com/department-of-veterans-affairs/next-build/actions/runs/13865339377"
"2025-03-14","13864474625","No","https://github.com/department-of-veterans-affairs/next-build/actions/runs/13864474625"
"2025-03-14","13864049718","No","https://github.com/department-of-veterans-affairs/next-build/actions/runs/13864049718"
"2025-03-14","13863614699","No","https://github.com/department-of-veterans-affairs/next-build/actions/runs/13863614699"
"2025-03-14","13863202818","No","https://github.com/department-of-veterans-affairs/next-build/actions/runs/13863202818"
"2025-03-14","13862686155","No","https://github.com/department-of-veterans-affairs/next-build/actions/runs/13862686155"
"2025-03-14","13862177770","No","https://github.com/department-of-veterans-affairs/next-build/actions/runs/13862177770"
"2025-03-14","13861658689","No","https://github.com/department-of-veterans-affairs/next-build/actions/runs/13861658689"
"2025-03-14","13861198047","No","https://github.com/department-of-veterans-affairs/next-build/actions/runs/13861198047"
"2025-03-14","13860623228","No","https://github.com/department-of-veterans-affairs/next-build/actions/runs/13860623228"
"2025-03-14","13860056005","No","https://github.com/department-of-veterans-affairs/next-build/actions/runs/13860056005"
"2025-03-14","13859478050","No","https://github.com/department-of-veterans-affairs/next-build/actions/runs/13859478050"
"2025-03-14","13858911189","No","https://github.com/department-of-veterans-affairs/next-build/actions/runs/13858911189"
"2025-03-14","13858305205","No","https://github.com/department-of-veterans-affairs/next-build/actions/runs/13858305205"
"2025-03-14","13857776961","No","https://github.com/department-of-veterans-affairs/next-build/actions/runs/13857776961"
"2025-03-14","13857278996","No","https://github.com/department-of-veterans-affairs/next-build/actions/runs/13857278996"
"2025-03-14","13847523157","No","https://github.com/department-of-veterans-affairs/next-build/actions/runs/13847523157"
"2025-03-14","13847215993","No","https://github.com/department-of-veterans-affairs/next-build/actions/runs/13847215993"
"2025-03-13","13846634742","No","https://github.com/department-of-veterans-affairs/next-build/actions/runs/13846634742"
"2025-03-13","13846292304","No","https://github.com/department-of-veterans-affairs/next-build/actions/runs/13846292304"
"2025-03-13","13845926094","No","https://github.com/department-of-veterans-affairs/next-build/actions/runs/13845926094"
"2025-03-13","13845511903","No","https://github.com/department-of-veterans-affairs/next-build/actions/runs/13845511903"
"2025-03-13","13845091788","No","https://github.com/department-of-veterans-affairs/next-build/actions/runs/13845091788"
"2025-03-13","13844624084","No","https://github.com/department-of-veterans-affairs/next-build/actions/runs/13844624084"
"2025-03-13","13843622258","No","https://github.com/department-of-veterans-affairs/next-build/actions/runs/13843622258"
"2025-03-13","13843127339","Yes (Failed request (Attempt 6 of 6))","https://github.com/department-of-veterans-affairs/next-build/actions/runs/13843127339"
"2025-03-13","13842641927","No","https://github.com/department-of-veterans-affairs/next-build/actions/runs/13842641927"
"2025-03-13","13842196300","No","https://github.com/department-of-veterans-affairs/next-build/actions/runs/13842196300"
"2025-03-13","13841622954","No","https://github.com/department-of-veterans-affairs/next-build/actions/runs/13841622954"
"2025-03-13","13841029172","No","https://github.com/department-of-veterans-affairs/next-build/actions/runs/13841029172"
"2025-03-13","13840441944","No","https://github.com/department-of-veterans-affairs/next-build/actions/runs/13840441944"
"2025-03-13","13839924091","No","https://github.com/department-of-veterans-affairs/next-build/actions/runs/13839924091"
"2025-03-13","13839259156","No","https://github.com/department-of-veterans-affairs/next-build/actions/runs/13839259156"
"2025-03-13","13838600331","No","https://github.com/department-of-veterans-affairs/next-build/actions/runs/13838600331"
"2025-03-13","13837927643","No","https://github.com/department-of-veterans-affairs/next-build/actions/runs/13837927643"
"2025-03-13","13837264434","No","https://github.com/department-of-veterans-affairs/next-build/actions/runs/13837264434"
"2025-03-13","13836576589","No","https://github.com/department-of-veterans-affairs/next-build/actions/runs/13836576589"
"2025-03-13","13835988515","No","https://github.com/department-of-veterans-affairs/next-build/actions/runs/13835988515"
"2025-03-13","13835440102","No","https://github.com/department-of-veterans-affairs/next-build/actions/runs/13835440102"
"2025-03-13","13824530916","No","https://github.com/department-of-veterans-affairs/next-build/actions/runs/13824530916"
"2025-03-13","13824199290","No","https://github.com/department-of-veterans-affairs/next-build/actions/runs/13824199290"
"2025-03-12","13823586917","No","https://github.com/department-of-veterans-affairs/next-build/actions/runs/13823586917"
"2025-03-12","13823238904","No","https://github.com/department-of-veterans-affairs/next-build/actions/runs/13823238904"
"2025-03-12","13822865046","No","https://github.com/department-of-veterans-affairs/next-build/actions/runs/13822865046"
"2025-03-12","13822429255","No","https://github.com/department-of-veterans-affairs/next-build/actions/runs/13822429255"
"2025-03-12","13821998212","Yes (Failed request (Attempt 6 of 6))","https://github.com/department-of-veterans-affairs/next-build/actions/runs/13821998212"
"2025-03-12","13821517095","No","https://github.com/department-of-veterans-affairs/next-build/actions/runs/13821517095"
"2025-03-12","13820501541","No","https://github.com/department-of-veterans-affairs/next-build/actions/runs/13820501541"
"2025-03-12","13819988687","Yes (Failed request (Attempt 6 of 6))","https://github.com/department-of-veterans-affairs/next-build/actions/runs/13819988687"
"2025-03-12","13819489233","No","https://github.com/department-of-veterans-affairs/next-build/actions/runs/13819489233"
"2025-03-12","13819047270","No","https://github.com/department-of-veterans-affairs/next-build/actions/runs/13819047270"
"2025-03-12","13818458358","No","https://github.com/department-of-veterans-affairs/next-build/actions/runs/13818458358"
"2025-03-12","13817870896","No","https://github.com/department-of-veterans-affairs/next-build/actions/runs/13817870896"
"2025-03-12","13817278082","No","https://github.com/department-of-veterans-affairs/next-build/actions/runs/13817278082"
"2025-03-12","13816753036","No","https://github.com/department-of-veterans-affairs/next-build/actions/runs/13816753036"
"2025-03-12","13816087224","No","https://github.com/department-of-veterans-affairs/next-build/actions/runs/13816087224"
"2025-03-12","13815395162","No","https://github.com/department-of-veterans-affairs/next-build/actions/runs/13815395162"
"2025-03-12","13814718985","No","https://github.com/department-of-veterans-affairs/next-build/actions/runs/13814718985"
"2025-03-12","13814064654","No","https://github.com/department-of-veterans-affairs/next-build/actions/runs/13814064654"
"2025-03-12","13813349089","No","https://github.com/department-of-veterans-affairs/next-build/actions/runs/13813349089"
"2025-03-12","13812749460","No","https://github.com/department-of-veterans-affairs/next-build/actions/runs/13812749460"
"2025-03-12","13812188875","No","https://github.com/department-of-veterans-affairs/next-build/actions/runs/13812188875"
"2025-03-12","13801210099","No","https://github.com/department-of-veterans-affairs/next-build/actions/runs/13801210099"
"2025-03-12","13800899171","No","https://github.com/department-of-veterans-affairs/next-build/actions/runs/13800899171"
"2025-03-11","13800298227","No","https://github.com/department-of-veterans-affairs/next-build/actions/runs/13800298227"
"2025-03-11","13799932079","No","https://github.com/department-of-veterans-affairs/next-build/actions/runs/13799932079"
"2025-03-11","13799566795","No","https://github.com/department-of-veterans-affairs/next-build/actions/runs/13799566795"
"2025-03-11","13799119053","No","https://github.com/department-of-veterans-affairs/next-build/actions/runs/13799119053"
"2025-03-11","13798670044","No","https://github.com/department-of-veterans-affairs/next-build/actions/runs/13798670044"
